trial,q,k,k_name,mode,notional,trades,trades_per_day,win_rate,pct_exit_vwap,pct_exit_square_off,pct_exit_no_bar,mean_gross_bps,mean_net_bps,median_holding_bars,total_gross_pnl,total_net_pnl,total_costs,sharpe_net,sharpe_gross,max_concurrent,worst_trade_net_bps,worst_day_net_pnl,worst_day_date,kill_mean_net_bps,kill_day_t,kill_positive_years,kill_n_years,kill_mean_net_bps_ex_top5,kill_c1_mean_net_positive,kill_c2_day_t_gt_2,kill_c3_positive_years_ge_4,kill_c4_ex_top5_positive,kill_passes,march2020_net_pnl,net_2018,net_2019,net_2020,net_2021,net_2022,net_2023,decomp_mean_gross_bps,decomp_mean_market_bps,decomp_mean_residual_bps,decomp_n_decomposed,decomp_n_undecomposed
q0.80_k0.549_passive,0.8,0.549,k90,passive,1000000.0,713.0,0.5148014440433213,0.544179523141655,0.18373071528751753,0.8162692847124825,0.0,27.921007474242234,19.515840711951622,59.0,1990767.8329134714,1391479.4427621504,599288.3901513207,0.5991301316944285,0.8397203315593802,38.0,-1087.633578118199,-401437.78741572157,2020-12-21,19.515840711951622,2.5263146385027477,4,6,0.41012735476197504,True,True,True,True,True,414494.3418848362,865215.4458784838,112873.25439386498,-209096.33187370177,306845.9428962212,-107802.03523999124,423443.1667072736,27.921007474242234,-3.143496616445293,31.06450409068752,713,0
q0.80_k0.549_passive,0.8,0.549,k90,passive,100000.0,713.0,0.5148014440433213,0.5301542776998598,0.18373071528751753,0.8162692847124825,0.0,27.921007474242234,17.234669813667967,59.0,199076.78329134712,122883.19577145262,76193.58751989453,0.5291637950767896,0.8397203315593804,38.0,-1091.4836707258746,-41115.42644329547,2020-12-21,17.234669813667967,2.3231092080096247,4,6,-1.995924148909802,True,True,True,False,False,40545.53651144736,84972.93409246395,10046.56741925772,-25645.602410747408,26969.322157832365,-13857.043406293014,40397.017918939004,27.921007474242234,-3.143496616445293,31.064504090687528,713,0
q0.80_k0.549_market,0.8,0.549,k90,market,1000000.0,575.0,0.4151624548736462,0.5356521739130434,0.17391304347826086,0.8260869565217391,0.0,36.45870571333156,22.98563956663067,58.0,2096375.5785165643,1321674.2750812634,774701.3034353012,0.5111246851397225,0.7871127621410094,30.0,-1090.1649629277276,-371756.39948154474,2020-12-21,22.98563956663067,2.0434538410211927,4,6,-3.3548153589344984,True,True,True,False,False,256277.41168147314,1093757.556844451,107965.10934953773,-241106.01560307085,193048.00577195283,-115838.02937834593,283847.64809673873,36.45870571333156,-0.6329742482529048,37.09167996158445,575,0
q0.80_k0.549_market,0.8,0.549,k90,market,100000.0,575.0,0.4151624548736462,0.5339130434782609,0.17391304347826086,0.8260869565217391,0.0,36.45870571333156,23.141546745184183,58.0,209637.55785165646,133063.89378480904,76573.66406684741,0.5129082358653634,0.7871127621410096,30.0,-1093.3098232400955,-37433.47725384345,2020-12-21,23.141546745184183,2.055538266361927,4,6,-3.3710857060735404,True,True,True,False,False,25986.452613600726,111837.52823975158,10988.319872225733,-23889.735039014595,18328.704173330712,-12176.491860946322,27975.56839946192,36.45870571333156,-0.6329742482529048,37.09167996158446,575,0
q0.80_k0.669_passive,0.8,0.669,k95,passive,1000000.0,460.0,0.33212996389891697,0.5847826086956521,0.17608695652173914,0.8239130434782609,0.0,41.76670397272879,33.49927722125307,56.0,1921268.382745524,1540966.7521776408,380301.6305678829,0.7179372766802833,0.8753396106526872,35.0,-1087.633578118199,-289613.5234138065,2020-12-21,33.49927722125307,2.4736429416035266,5,6,4.992156510131983,True,True,True,True,True,405881.37546963885,954374.1189160642,134939.4845014835,-35609.33306697308,200440.7333594479,25415.92259424738,261405.82587337148,41.76670397272879,-3.211840713055414,44.9785446857842,460,0
q0.80_k0.669_passive,0.8,0.669,k95,passive,100000.0,460.0,0.33212996389891697,0.5739130434782609,0.17608695652173914,0.8239130434782609,0.0,41.76670397272879,31.11978417712033,56.0,192126.8382745524,143151.00721475348,48975.83105979892,0.668729703375347,0.8753396106526871,35.0,-1091.4836707258746,-29848.27173956426,2020-12-21,31.11978417712033,2.3121879035057584,5,6,2.5128297876568335,True,True,True,True,True,39998.127306929004,93938.4726235429,12905.945228423423,-7004.041667417543,18004.907836460752,405.5292346182782,24900.19395912566,41.76670397272879,-3.211840713055414,44.9785446857842,460,0
q0.80_k0.669_market,0.8,0.669,k95,market,1000000.0,361.0,0.2606498194945848,0.5706371191135734,0.15512465373961218,0.8448753462603878,0.0,52.961955843476424,39.87394391906545,55.0,1911926.6059494987,1439449.3754782625,472477.23047123605,0.6431379488526731,0.8282025463361803,27.0,-1090.1649629277276,-199763.6025975391,2020-12-21,39.87394391906545,2.855397975296988,4,6,4.271601054646308,True,True,True,True,True,269287.36209990707,1006193.9192586495,112966.67116364893,-15459.006280512076,154166.81199553388,-727.6157955141389,182308.59513645657,52.961955843476424,1.6913056427124502,51.27065020076397,361,0
q0.80_k0.669_market,0.8,0.669,k95,market,100000.0,361.0,0.2606498194945848,0.5706371191135734,0.15512465373961218,0.8448753462603878,0.0,52.96195584347641,39.76162785069068,55.0,191192.66059494988,143539.47654099335,47653.18405395651,0.6409326886141462,0.8282025463361805,27.0,-1093.3098232400955,-20148.57850675034,2020-12-21,39.76162785069068,2.8380420787851026,4,6,4.021714427729514,True,True,True,True,True,27147.7024624456,101821.58203638981,11328.267245709967,-1698.3042600072085,14870.376020333319,-631.6364024063241,17849.19190097382,52.96195584347641,1.6913056427124502,51.27065020076397,361,0
q0.90_k0.549_passive,0.9,0.549,k90,passive,1000000.0,350.0,0.2527075812274368,0.6114285714285714,0.2257142857142857,0.7742857142857142,0.0,47.67834700440734,39.50406338770505,60.0,1668742.145154257,1382642.2185696769,286099.9265845802,0.6343976153288369,0.7457156323074652,38.0,-913.8846082147829,-263678.38745022914,2020-08-31,39.50406338770505,2.914604323984097,6,6,-1.7524093768793971,True,True,True,False,False,428112.9530015036,756143.0869205585,54001.83820444401,33396.15796335187,198676.71218500292,83393.90208500218,257030.52121131727,47.67834700440734,-2.9748799974997473,50.65322700190709,350,0
q0.90_k0.549_passive,0.9,0.549,k90,passive,100000.0,350.0,0.2527075812274368,0.5971428571428572,0.2257142857142857,0.7742857142857142,0.0,47.67834700440734,37.05911429169964,60.0,166874.21451542567,129706.90002094877,37167.31449447693,0.5980270057043443,0.7457156323074652,38.0,-917.7230094462465,-27331.184071669766,2020-08-31,37.05911429169964,2.7220754776901344,5,6,-4.294491642788,True,True,True,False,False,42079.01058819069,74616.76092900823,5193.427879185639,-413.88638597087265,18738.319861096716,6903.459953451622,24668.8177841774,47.67834700440734,-2.9748799974997473,50.65322700190709,350,0
q0.90_k0.549_market,0.9,0.549,k90,market,1000000.0,276.0,0.19927797833935018,0.6086956521739131,0.213768115942029,0.7862318840579711,0.0,61.38500030977393,48.24640503250655,60.0,1694226.0085497606,1331600.7788971812,362625.22965257964,0.5097203508304983,0.6296687426606505,30.0,-915.7964489376942,-251740.78039407334,2020-12-21,48.24640503250655,2.1004687936172557,5,6,-7.397789813012351,True,True,True,False,False,274702.87640474504,1025362.0449815106,54422.12809880679,-36573.3506086648,112343.7923456638,10886.347985437846,165159.81609442664,61.38500030977393,1.4644022130843952,59.920598096689545,276,0
q0.90_k0.549_market,0.9,0.549,k90,market,100000.0,276.0,0.19927797833935018,0.6014492753623188,0.213768115942029,0.7862318840579711,0.0,61.38500030977393,48.16615827768431,60.0,169422.60085497607,132938.5968464087,36484.00400856736,0.5084698701278186,0.6296687426606503,30.0,-919.3532449180075,-25409.27997473546,2020-12-21,48.16615827768431,2.121948790035737,5,6,-7.635505922585207,True,True,True,False,False,27614.069482041326,102665.36474449393,5472.697418076823,-4124.472574719526,11197.959610153077,1106.9038435322486,16620.14380487212,61.38500030977393,1.4644022130843952,59.920598096689545,276,0
q0.90_k0.669_passive,0.9,0.669,k95,passive,1000000.0,236.0,0.1703971119133574,0.6440677966101694,0.2076271186440678,0.7923728813559322,0.0,58.954105384576685,50.61960751177221,58.5,1391316.8870760095,1194622.7372778242,196694.14979818545,0.5694024098312064,0.6478746367265285,35.0,-913.8846082147829,-238612.92841414647,2020-08-31,50.61960751177221,2.5001614318182277,6,6,-5.036585318027463,True,True,True,False,False,384272.52781756734,783918.8550379004,39237.88345132117,118448.6065966256,113731.84750904689,20279.781752232833,119005.76293069738,58.954105384576685,-6.467833870415565,65.42193925499225,236,0
q0.90_k0.669_passive,0.9,0.669,k95,passive,100000.0,236.0,0.1703971119133574,0.635593220338983,0.2076271186440678,0.7923728813559322,0.0,58.95410538457669,48.28083744103894,58.5,139131.688707601,113942.7763608519,25188.912346749064,0.545220748286101,0.6478746367265283,35.0,-917.7230094462465,-24549.41094310901,2020-08-31,48.28083744103894,2.3466009454185524,6,6,-7.526527452258476,True,True,True,False,False,37973.269751393476,77589.75949393198,3831.3327250443776,9038.205697122949,10903.595876463934,1237.2482905353504,11342.63427775332,58.95410538457669,-6.467833870415565,65.42193925499225,236,0
q0.90_k0.669_market,0.9,0.669,k95,market,1000000.0,182.0,0.13140794223826716,0.6318681318681318,0.1978021978021978,0.8021978021978022,0.0,75.81983692410519,63.183503966332516,60.0,1379921.0320187141,1149939.7721872518,229981.25983146264,0.5191341770924138,0.6053080770114398,27.0,-915.7964489376942,-171445.8696735265,2020-08-31,63.183503966332516,2.374423575769041,6,6,-4.643792167895644,True,True,True,False,False,244112.5224300981,887786.5967494814,47118.684170116874,10285.613503546916,84205.49882833676,19925.206895299772,100618.17204046989,75.81983692410519,-0.052654748812338954,75.87249167291752,182,0
q0.90_k0.669_market,0.9,0.669,k95,market,100000.0,182.0,0.13140794223826716,0.6208791208791209,0.1978021978021978,0.8021978021978022,0.0,75.81983692410519,62.75550870122275,60.0,137992.10320187145,114215.02583622541,23777.077365646026,0.5157972820003766,0.6053080770114398,27.0,-919.3532449180075,-17441.879619790052,2020-08-31,62.75550870122275,2.3556158432339025,6,6,-5.152199063211441,True,True,True,False,False,24435.171651280714,88574.78340679078,4719.379569509048,709.5251910094025,8417.39743265762,1858.5117172324522,9935.42851902611,75.81983692410519,-0.052654748812338954,75.87249167291753,182,0
q0.95_k0.549_passive,0.95,0.549,k90,passive,1000000.0,187.0,0.13501805054151625,0.7219251336898396,0.20320855614973263,0.7967914438502673,0.0,100.39571837948807,92.08518606154927,48.0,1877399.933696427,1721992.9793509713,155406.95434545536,0.6679729848364359,0.707231124443839,37.0,-374.3409318275588,-209220.55614596664,2020-08-31,92.08518606154927,2.9295225820768866,5,6,-2.529023013520639,True,True,True,False,False,520709.67962445226,990234.0639300038,68368.65024653269,587913.902318922,45589.56823506591,45553.3889961617,-15666.594375714792,100.39571837948807,10.599803908824624,89.79591447066343,187,0
q0.95_k0.549_passive,0.95,0.549,k90,passive,100000.0,187.0,0.13501805054151625,0.7058823529411765,0.20320855614973263,0.7967914438502673,0.0,100.39571837948805,89.7176395009318,48.0,187739.99336964267,167771.98586674244,19968.00750290022,0.6551090172249127,0.7072311244438391,37.0,-377.87330266882964,-21883.818883043215,2020-08-31,89.7176395009318,2.848249380892706,5,6,-5.104087183090885,True,True,True,False,False,51487.59863448322,98372.6436521112,6781.593505236302,55981.869868355665,4353.134503635483,3937.80692360137,-1655.062586197576,100.39571837948805,10.599803908824624,89.79591447066343,187,0
q0.95_k0.549_market,0.95,0.549,k90,market,1000000.0,145.0,0.10469314079422383,0.6758620689655173,0.2,0.8,0.0,114.76799587535723,101.94537355738402,48.0,1664135.9401926799,1478207.9165820684,185928.02361061177,0.5580546757276407,0.6086313646956909,27.0,-376.98936357698136,-158567.13141931192,2020-08-31,101.94537355738402,2.107059995028758,4,6,-8.148071740641777,True,True,True,False,False,313150.65666605637,1091896.7247190373,67101.44965297039,330003.8481357503,7223.064923335395,-7585.883635007481,-10431.287214017626,114.76799587535723,16.88888194529614,97.87911393006111,145,0
q0.95_k0.549_market,0.95,0.549,k90,market,100000.0,145.0,0.10469314079422383,0.6827586206896552,0.2,0.8,0.0,114.76799587535723,101.63311372586902,48.0,166413.594019268,147368.01490251007,19045.57911675791,0.5558763373077449,0.6086313646956905,27.0,-379.7364686753723,-16300.679556768162,2020-08-31,101.63311372586902,2.1047757291747753,4,6,-8.802802086404526,True,True,True,False,False,31533.723039862594,109219.7304638722,6710.751353427317,32579.819262438385,763.0240821425737,-887.8688258749352,-1017.4414334954324,114.76799587535723,16.88888194529614,97.87911393006108,145,0
q0.95_k0.669_passive,0.95,0.669,k95,passive,1000000.0,130.0,0.09386281588447654,0.7461538461538462,0.2230769230769231,0.7769230769230769,0.0,122.81291080704375,114.30327654364453,48.0,1596567.840491569,1485942.595067379,110625.24542418987,0.5825454201819847,0.6105492624524729,33.0,-352.1831133006939,-170690.95669935612,2020-08-31,114.30327654364453,2.0663539029966893,4,6,-18.52187593429863,True,True,True,False,False,343244.3750294931,1029582.4187524965,43694.13871368131,418363.18338898633,18586.919438517245,-14471.226649915934,-9812.838576386643,122.81291080704375,12.531227218721037,110.28168358832272,130,0
q0.95_k0.669_passive,0.95,0.669,k95,passive,100000.0,130.0,0.09386281588447654,0.7230769230769231,0.2230769230769231,0.7769230769230769,0.0,122.81291080704375,112.06516845399265,48.0,159656.78404915688,145684.71899019045,13972.065058966422,0.57421951302745,0.610549262452473,33.0,-355.71301186236565,-17756.180306504077,2020-08-31,112.06516845399265,2.005231263987671,4,6,-20.275168742211687,True,True,True,False,False,34061.49849180188,102420.17933232072,4327.07008606064,39866.326789915205,1748.4650511607615,-1667.536107009141,-1009.7861622577308,122.81291080704375,12.531227218721037,110.28168358832272,130,0
q0.95_k0.669_market,0.95,0.669,k95,market,1000000.0,98.0,0.07075812274368232,0.6632653061224489,0.22448979591836735,0.7755102040816326,0.0,140.1703646317674,127.64374492149575,48.0,1373669.5733913202,1250908.7002306583,122760.87316066188,0.5220012378436448,0.5572353912899572,25.0,-323.1416784179557,-159453.12955336153,2020-08-31,127.64374492149575,2.0580349723904505,4,6,-28.604582607619573,True,True,True,False,False,205938.5014521905,983874.6169074234,42850.18850984344,243633.95198412598,9572.634256575719,-19493.754677963578,-9528.936749346585,140.1703646317674,13.491660054478235,126.67870457728914,98,0
q0.95_k0.669_market,0.95,0.669,k95,market,100000.0,98.0,0.07075812274368232,0.6632653061224489,0.22448979591836735,0.7755102040816326,0.0,140.17036463176737,127.12149235730837,48.0,137366.95733913203,124579.06251016223,12787.894828969813,0.5198885714436164,0.5572353912899572,25.0,-325.9884875097956,-16245.56650041118,2020-08-31,127.12149235730837,2.053906958859692,4,6,-29.292848351671797,True,True,True,False,False,20627.09568312345,98364.65363925023,4279.868870282236,23925.607034188637,997.175128053063,-2049.9899682700325,-938.2521933419093,140.17036463176737,13.491660054478235,126.67870457728915,98,0
