k,adr_n,notional,trades,trades_per_day,win_rate,pct_exit_vwap,pct_exit_square_off,pct_exit_no_bar,mean_gross_bps,mean_net_bps,median_holding_bars,total_gross_pnl,total_net_pnl,total_costs,sharpe_net,sharpe_gross,max_concurrent,worst_trade_net_bps,worst_day_net_pnl,long_trades,short_trades
0.429,5,100000.0,15674.0,31.728744939271255,0.4918336097996682,0.46108204670154396,0.538917953298456,0.0,-3.523743978303944,-16.42492397649721,100.0,-552311.6311593603,-2574442.5840761727,2022130.9529168129,-8.48252657724593,-1.9028485874247165,50.0,-1644.1163941366365,-93601.51174194674,8004.0,7670.0
0.429,5,1000000.0,15674.0,31.728744939271255,0.4959806048232742,0.46108204670154396,0.538917953298456,0.0,-3.5237439783039437,-15.71455750516971,100.0,-5523116.3115936015,-24630997.433603,19107881.122009397,-8.16784716262587,-1.9028485874247165,50.0,-1641.16251849688,-930627.0030020572,8004.0,7670.0
0.579,5,100000.0,7221.0,14.617408906882591,0.4705719429441906,0.3563218390804598,0.6436781609195402,0.0,-3.13538800014324,-15.854465431470786,104.0,-226406.3674903433,-1144850.9488065052,918444.5813161621,-5.123614031777031,-1.052516965284736,49.0,-1644.1163941366365,-74314.54419288933,3665.0,3556.0
0.579,5,1000000.0,7221.0,14.617408906882591,0.47694225176568344,0.3563218390804598,0.6436781609195402,0.0,-3.135388000143239,-14.748692204077022,104.0,-2264063.674903434,-10650030.640564017,8385966.965660584,-4.7982793943135365,-1.0525169652847362,49.0,-1641.16251849688,-737860.401836435,3665.0,3556.0
0.772,5,100000.0,2864.0,5.797570850202429,0.47835195530726254,0.28701117318435754,0.7129888268156425,0.0,-1.204083278365902,-13.72553926769246,99.0,-34484.945092399386,-393099.444626712,358614.49953431264,-2.7833369023949697,-0.25355147681287543,48.0,-1644.1163941366365,-48999.10405838872,1442.0,1422.0
0.772,5,1000000.0,2864.0,5.797570850202429,0.48463687150837986,0.28701117318435754,0.7129888268156425,0.0,-1.2040832783659012,-12.189998532211208,99.0,-344849.45092399424,-3491215.579625289,3146366.128701295,-2.4890100713684724,-0.2535514768128757,48.0,-1641.16251849688,-484605.71048116894,1442.0,1422.0
0.92,5,100000.0,1472.0,2.979757085020243,0.47282608695652173,0.2710597826086957,0.7289402173913043,0.0,1.4853939923845878,-10.93412382215959,95.0,21864.999567901163,-160950.30266218918,182815.3022300903,-1.5190156941582311,0.20555679526159593,47.0,-1644.1163941366365,-36279.28371540914,783.0,689.0
0.92,5,1000000.0,1472.0,2.979757085020243,0.4796195652173913,0.2710597826086957,0.7289402173913043,0.0,1.4853939923845878,-9.171857251162255,95.0,218649.99567901134,-1350097.3873710837,1568747.3830500953,-1.275645754600134,0.205556795261596,47.0,-1641.16251849688,-357370.2620350976,783.0,689.0
1.362,5,100000.0,303.0,0.6133603238866396,0.5478547854785478,0.35973597359735976,0.6402640264026402,0.0,37.7775577637161,25.575091185318158,78.0,114466.00002405979,77492.52629151402,36973.47373254577,0.8412411393760107,1.1345555282203303,44.0,-1130.9140595476038,-12089.28883321049,184.0,119.0
1.362,5,1000000.0,303.0,0.6133603238866396,0.5544554455445545,0.35973597359735976,0.6402640264026402,0.0,37.7775577637161,27.836779659345513,78.0,1144660.0002405979,843454.423678169,301205.57656242873,0.9014082461769521,1.1345555282203303,44.0,-1127.7492608724285,-119435.99989273859,184.0,119.0
3.0,5,100000.0,15.0,0.030364372469635626,0.8666666666666667,0.8,0.2,0.0,541.2944187098449,528.8491707263881,93.0,81194.1628064767,79327.37560895823,1866.7871975184837,0.7142278750440075,0.7142278750440075,15.0,-143.65687922689906,0.0,15.0,0.0
3.0,5,1000000.0,15.0,0.030364372469635626,0.8666666666666667,0.8,0.2,0.0,541.2944187098448,531.0558509002784,93.0,811941.6280647672,796583.7763504176,15357.85171434952,0.7142278750440075,0.7142278750440073,15.0,-140.57017815399493,0.0,15.0,0.0
0.429,10,100000.0,15094.0,30.554655870445345,0.49423612031270703,0.45296144163243673,0.5470385583675633,0.0,-3.4090438241493985,-16.280669378393377,101.0,-514561.07481711014,-2457404.2359746965,1942843.1611575861,-7.897326135164268,-1.7382447103431633,50.0,-1644.1163941366365,-92802.78668596614,7653.0,7441.0
0.429,10,1000000.0,15094.0,30.554655870445345,0.49821120975221944,0.45296144163243673,0.5470385583675633,0.0,-3.409043824149398,-15.506310335636503,101.0,-5145610.748171102,-23405224.820609737,18259614.072438635,-7.580466543047211,-1.7382447103431635,50.0,-1641.16251849688,-922768.1429595599,7653.0,7441.0
0.579,10,100000.0,6844.0,13.854251012145749,0.4750146113383986,0.34541203974284046,0.6545879602571596,0.0,-3.3406265061651212,-16.02240252596375,103.0,-228632.47808194085,-1096573.228876959,867940.7507950179,-4.840652539394099,-1.0579835066772934,49.0,-1644.1163941366365,-74163.49681941458,3450.0,3394.0
0.579,10,1000000.0,6844.0,13.854251012145749,0.4827586206896552,0.34541203974284046,0.6545879602571596,0.0,-3.3406265061651212,-14.836058687449954,103.0,-2286324.7808194095,-10153798.56569075,7867473.784871342,-4.5203898154245294,-1.0579835066772936,49.0,-1641.16251849688,-736543.0811323683,3450.0,3394.0
0.772,10,100000.0,2618.0,5.299595141700405,0.48013750954927426,0.28533231474407944,0.7146676852559205,0.0,-0.948336907486084,-13.436360522223003,97.0,-24827.46023798565,-351763.91847179824,326936.4582338126,-2.372896355352876,-0.1716552220252468,49.0,-1644.1163941366365,-49984.600337528,1340.0,1278.0
0.772,10,1000000.0,2618.0,5.299595141700405,0.49159663865546216,0.28533231474407944,0.7146676852559205,0.0,-0.9483369074860829,-11.826930105397151,97.0,-248274.6023798564,-3096290.3015929745,2848015.699213118,-2.1018195270336193,-0.1716552220252467,49.0,-1641.16251849688,-494031.33792107436,1340.0,1278.0
0.92,10,100000.0,1315.0,2.661943319838057,0.4859315589353612,0.2874524714828897,0.7125475285171102,0.0,2.3917745179766396,-9.954000885581806,96.0,31451.834911392798,-130895.11164540073,162346.94655679355,-1.2063115675381413,0.28562860168656773,48.0,-1644.1163941366365,-35483.73516977536,701.0,614.0
0.92,10,1000000.0,1315.0,2.661943319838057,0.49125475285171105,0.2874524714828897,0.7125475285171102,0.0,2.391774517976639,-8.030601851060705,96.0,314518.34911392786,-1056024.1434144825,1370542.4925284106,-0.9734222836062839,0.28562860168656745,48.0,-1641.16251849688,-349151.54413295636,701.0,614.0
1.362,10,100000.0,267.0,0.5404858299595142,0.550561797752809,0.3857677902621723,0.6142322097378277,0.0,37.49006921509189,25.33370985286307,72.0,100098.48480429537,67641.0053071444,32457.479497150962,0.774199890337212,1.0412137082724569,44.0,-1130.9140595476038,-11408.749301064012,162.0,105.0
1.362,10,1000000.0,267.0,0.5404858299595142,0.550561797752809,0.3857677902621723,0.6142322097378277,0.0,37.49006921509189,27.69225205276253,72.0,1000984.8480429535,739383.1298087595,261601.71823419386,0.8324514713311565,1.0412137082724564,44.0,-1127.7492608724285,-112968.050656209,162.0,105.0
3.0,10,100000.0,19.0,0.038461538461538464,0.8947368421052632,0.7894736842105263,0.21052631578947367,0.0,504.51099595880106,492.20369011445274,103.0,95857.0892321722,93518.70112174604,2338.3881104261914,0.7448977625398633,0.7451036215386803,18.0,-68.91469063420602,0.0,19.0,0.0
3.0,10,1000000.0,19.0,0.038461538461538464,0.8947368421052632,0.7894736842105263,0.21052631578947367,0.0,504.51099595880106,494.6738642986795,103.0,958570.8923217222,939880.3421674911,18690.55015423109,0.7449008570560366,0.7451036215386801,18.0,-65.75596019093203,0.0,19.0,0.0
0.429,20,100000.0,14771.0,29.90080971659919,0.4937377293345068,0.44858168031954504,0.551418319680455,0.0,-3.4193969445194883,-16.2740443181597,101.0,-505079.12267497357,-2403839.086235369,1898759.9635603956,-7.471288005416643,-1.6471485059162783,50.0,-1644.1163941366365,-94528.5905118289,7454.0,7317.0
0.429,20,1000000.0,14771.0,29.90080971659919,0.49725814095186516,0.44858168031954504,0.551418319680455,0.0,-3.419396944519488,-15.462825228764093,101.0,-5050791.226749736,-22840139.14540744,17789347.918657705,-7.150850254704432,-1.6471485059162787,50.0,-1641.16251849688,-940484.0201362761,7454.0,7317.0
0.579,20,100000.0,6633.0,13.427125506072874,0.48243630333182574,0.3479571837780793,0.6520428162219207,0.0,-2.679626610025762,-15.330878895248881,104.0,-177739.63304300877,-1016897.1971218582,839157.5640788495,-4.296133189247614,-0.7863767215666382,50.0,-1644.1163941366365,-77861.79763506891,3319.0,3314.0
0.579,20,1000000.0,6633.0,13.427125506072874,0.4890698025026383,0.3479571837780793,0.6520428162219207,0.0,-2.679626610025761,-14.077645382080894,104.0,-1777396.3304300874,-9337702.181934258,7560305.851504169,-3.978923875521745,-0.7863767215666382,50.0,-1641.16251849688,-773131.4636648332,3319.0,3314.0
0.772,20,100000.0,2487.0,5.034412955465587,0.4817048652995577,0.28307197426618413,0.7169280257338159,0.0,-2.586121286731727,-15.02677243085551,100.0,-64316.83640101804,-373715.83035537647,309398.99395435845,-2.4338260598833927,-0.436989996823353,48.0,-1644.1163941366365,-56116.792765226666,1267.0,1220.0
0.772,20,1000000.0,2487.0,5.034412955465587,0.4889425010052272,0.28307197426618413,0.7169280257338159,0.0,-2.5861212867317263,-13.314149494314048,100.0,-643168.3640101805,-3311228.9792359043,2668060.615225723,-2.1747787839293586,-0.436989996823353,48.0,-1641.16251849688,-555615.7965934842,1267.0,1220.0
0.92,20,100000.0,1262.0,2.554655870445344,0.48335974643423135,0.2733755942947702,0.7266244057052298,0.0,-1.235778630195681,-13.557497106968253,94.0,-15595.526313069517,-171095.61348993934,155500.0871768698,-1.420100497363293,-0.1304980252892658,48.0,-1644.1163941366365,-40607.401331947425,671.0,591.0
0.92,20,1000000.0,1262.0,2.554655870445344,0.4889064976228209,0.2733755942947702,0.7266244057052298,0.0,-1.235778630195681,-11.581767305176962,94.0,-155955.26313069515,-1461619.0339133327,1305663.7707826374,-1.2171077854731014,-0.1304980252892659,48.0,-1641.16251849688,-399961.2903758957,671.0,591.0
1.362,20,100000.0,280.0,0.5668016194331984,0.5428571428571428,0.375,0.625,0.0,41.235277964136706,29.046144647347106,79.0,115458.77829958277,81329.20501257188,34129.57328701089,0.9151074894587959,1.1875195430488943,42.0,-1130.9140595476038,-12035.401320571425,173.0,107.0
1.362,20,1000000.0,280.0,0.5668016194331984,0.5535714285714286,0.375,0.625,0.0,41.235277964136706,31.33850302153559,79.0,1154587.7829958275,877478.0846029965,277109.69839283125,0.9722831795666199,1.1875195430488943,42.0,-1127.7492608724285,-117880.81672980907,173.0,107.0
3.0,20,100000.0,18.0,0.03643724696356275,0.8333333333333334,0.7222222222222222,0.2777777777777778,0.0,480.223031079492,468.0418299927353,119.0,86440.14559430853,84247.52939869234,2192.616195616198,0.7123858506294856,0.7134011452349619,17.0,-68.91469063420602,-217.12035837012883,17.0,1.0
3.0,20,1000000.0,18.0,0.03643724696356275,0.8333333333333334,0.7222222222222222,0.2777777777777778,0.0,480.223031079492,470.76250121183995,119.0,864401.4559430854,847372.5021813121,17028.95376177343,0.7126716538188014,0.7134011452349619,17.0,-65.75596019093203,-1844.6149626826827,17.0,1.0
